node_id,parent_id,node_type,title,display_order,scene_type,memory_badge,think_prompt,definition,description,key_points,image_paths,image_description,interaction_type,interaction_instruction,quick_check,answer,previous_node,next_node,up_node,down_node,remarks
TU03,,teachable_unit,Neuron,1,overview,Neuron = structural unit,The nervous system carries information rapidly. What specialised cell makes this possible?,"A neuron, or nerve cell, is the structural unit of the nervous system and is specialised to transmit impulses.","This subunit introduces the neuron, its main parts, how structure supports function, and the three functional types of neurons: sensory, motor and interneurons.",Structural unit|Specialised cell|Transmits impulses|Sensory neuron|Motor neuron|Interneuron,images/su03_overview_neuron.png,"16:9 Grade 11 biology overview illustration showing one large scientifically clear typical neuron across the frame. Include dendrites, cell body with nucleus, a long axon, myelin sheath segments, nodes of Ranvier and terminal branches. Use a subtle directional arrow to suggest impulse travel, but keep labels minimal because detailed labelling is taught in the next scene. Clean textbook-quality scientific style, suitable for a classroom smart board.",observe,Ask students to observe the overall shape of the neuron and predict why it is suited for carrying information.,What is the structural unit of the nervous system?,"The neuron, or nerve cell.",,TU03_01,,,Subunit overview and entry node
TU03_01,TU03,topic,Main Parts of a Neuron,2,structure,Cell body + nerve fibres,"Which parts receive information, and which part carries it away from the cell body?",A neuron is composed of a cell body and nerve fibres. The main nerve-fibre processes are dendrites and an axon.,The cell body contains the nucleus and other cell organelles. Dendrites are slender processes that receive stimuli or impulses and transmit them toward the cell body. A single axon arises from the cell body and carries impulses away from it.,Cell body|Nucleus|Dendrites|Axon|Nerve fibres,images/su03_01_main_parts_neuron.png,"16:9 precise labelled diagram of a typical neuron. Clearly show and label dendrites, cell body, nucleus, axon, myelin sheath and nodes of Ranvier. Arrange the neuron horizontally so the whole cell is visible. Use thin scientific leader lines, large readable labels and a clean Grade 11 textbook style.",label,"Ask students to identify the cell body, nucleus, dendrites and axon before revealing the labels.",Name the main parts of a neuron.,"Cell body, dendrites and axon.",TU03,TU03_02,TU03,,Main structural scene
TU03_02,TU03,topic,Structure and Function,3,process,Receive → Carry → Transmit,How does the structure of each part help information move through a neuron?,The structure of a neuron is specialised for receiving and transmitting impulses.,"Dendrites receive stimuli or impulses and transmit them toward the cell body. The axon transmits impulses away from the cell body. In most chordate neurons, the axon is covered by a myelin sheath interrupted at nodes of Ranvier. The myelin sheath increases the speed of impulse transmission.",Dendrites → toward cell body|Axon → away from cell body|Myelin sheath increases transmission speed|Nodes of Ranvier interrupt myelin sheath,images/su03_02_structure_function.png,"16:9 structure-function infographic using one typical neuron. Highlight dendrites with arrows moving toward the cell body, then one clear arrow along the axon moving away from the cell body. Show myelin sheath as separated segments and identify the gaps as nodes of Ranvier. Visually connect each structure to its function without advanced molecular detail. Clean scientific Grade 11 style.",trace,Ask students to trace the direction of impulse movement through the neuron.,How do dendrites and the axon differ in the direction they transmit impulses?,Dendrites transmit impulses toward the cell body; the axon transmits impulses away from the cell body.,TU03_01,TU03_03,TU03,,Structure-function relationship
TU03_03,TU03,topic,Sensory Neuron,4,type,Sensory organ → CNS,Which neuron carries information from a sensory organ toward the central nervous system?,A sensory neuron transmits impulses from sensory organs to the central nervous system.,"The cell body of a sensory neuron lies along the nerve fibre and the cell bodies occur in a ganglion. The dendritic end is associated with the sensory organ, while the axon extends toward the central nervous system.",Sensory organ → CNS|Cell body along nerve fibre|Cell bodies in ganglion|Dendritic end at sensory organ|Axon toward CNS,images/su03_03_sensory_neuron.png,"16:9 scientifically accurate simplified sensory-neuron diagram. Show a receptor or sensory organ on the left, a long fibre with the cell body positioned along the pathway, and the axon continuing toward a clearly marked CNS region on the right. Add a strong directional arrow from sensory organ to CNS. Keep the diagram clean and distinct from motor-neuron morphology.",identify,Ask students to identify the direction of impulse transmission and the position of the cell body.,What is the main function of a sensory neuron?,To transmit impulses from sensory organs to the central nervous system.,TU03_02,TU03_04,TU03,,Dedicated sensory-neuron scene
TU03_04,TU03,topic,Motor Neuron,5,type,CNS → Effector,Which neuron carries commands from the central nervous system to a muscle?,A motor neuron transmits impulses from the central nervous system to an effector such as a muscle.,"A motor neuron has a star-shaped cell body with many processes. One long process is the axon. The cell body and other fibres are found within the central nervous system, while the axon carries impulses toward the effector.",CNS → Effector|Star-shaped cell body|Long axon|Cell body in CNS|Carries impulses to muscles,images/su03_04_motor_neuron.png,"16:9 scientifically accurate motor-neuron diagram. Show a star-shaped cell body with many dendrites inside a simplified CNS region on the left, one long axon extending across the frame, and a skeletal muscle effector on the right. Add a directional arrow from CNS toward muscle. Use a clean Grade 11 biology style and emphasize the long axon.",identify,Ask students to compare the position of the motor-neuron cell body with that of the sensory neuron.,What is the main function of a motor neuron?,To transmit impulses from the central nervous system to an effector.,TU03_03,TU03_05,TU03,,Dedicated motor-neuron scene
TU03_05,TU03,topic,Interneuron,6,type,Connects neurons inside the CNS,Which neuron connects a sensory neuron with a motor neuron inside the central nervous system?,An interneuron is a neuron located within the central nervous system that connects other neurons.,The whole interneuron is found within the central nervous system. It usually has many dendrites and a short axon. Its role is to connect sensory neurons with motor neurons.,Entirely within CNS|Short axon|Many dendrites|Connects sensory and motor neurons,images/su03_05_interneuron.png,16:9 simplified interneuron illustration located completely inside a clearly marked CNS area. Show a compact neuron with many dendrites and a short axon positioned between an incoming sensory-neuron pathway and an outgoing motor-neuron pathway. Emphasize the linking role without drawing a full reflex arc or stimulus-response sequence.,connect,Ask students to identify what two neuron types the interneuron can connect.,Where is an interneuron found and what does it do?,It is found within the central nervous system and connects sensory neurons with motor neurons.,TU03_04,TU03_06,TU03,,Avoid full reflex-arc teaching here
TU03_06,TU03,topic,Compare the Three Neuron Types,7,compare,Same purpose: transmit impulses — different roles,"How can sensory, motor and interneurons be distinguished by location, structure and direction of impulse transmission?","Sensory, motor and interneurons are specialised for different roles in nervous coordination.","Compare the three neuron types using their main role, location of the cell body, characteristic structure and direction of impulse transmission.",Feature|Sensory neuron|Motor neuron|Interneuron;Main role|Sensory organ to CNS|CNS to effector|Connects neurons in CNS;Cell body|Along nerve fibre in ganglion|In CNS|In CNS;Axon|Toward CNS|Long axon toward effector|Short;Impulse direction|Sensory organ → CNS|CNS → effector|Within CNS,images/su03_06_three_neuron_comparison.png,"16:9 comparison-table visual with three equal columns headed Sensory Neuron, Motor Neuron and Interneuron. Include a small accurate neuron sketch at the top of each column. Use rows for Main role, Cell-body position, Location, Axon characteristic and Direction of impulse. Keep wording concise, typography large, and the table clean enough for smart-board viewing.",compare_table,Ask students to read across each row and identify one structural and one functional difference among the three neuron types.,Which neuron carries impulses from the CNS to an effector?,The motor neuron.,TU03_05,TU03_07,TU03,,Comparison scene intentionally designed as a table
TU03_07,TU03,topic,Identify the Neuron Type,8,application,Direction tells you the role,Can you identify a neuron type from where the impulse starts and where it goes?,"Neuron type can be identified by its location, structure and direction of impulse transmission.","Use simple pathway clues rather than a reflex-arc example. If an impulse travels from a sensory organ to the CNS, identify a sensory neuron. If it travels from the CNS to an effector, identify a motor neuron. If the neuron lies completely within the CNS and links other neurons, identify an interneuron.",Sensory organ → CNS = sensory neuron|CNS → effector = motor neuron|Within CNS linking neurons = interneuron,images/su03_07_identify_neuron_type.png,"16:9 three-case classification visual. Case A shows a pathway from a sensory organ toward the CNS. Case B shows a pathway from the CNS toward a muscle. Case C shows a short linking neuron entirely inside the CNS. Do not label the neuron types in the image; use A, B and C only so students must identify Sensory, Motor and Interneuron from the pathway clues. Avoid a complete reflex arc.",classify,"Ask students to identify neuron A, B and C and justify each answer using impulse direction or location.",A neuron lies entirely within the CNS and links two other neurons. What type is it?,An interneuron.,TU03_06,TU03_08,TU03,,Classification application; no reflex-arc teaching
TU03_08,TU03,topic,Neuron Recall Check,9,recall,Structure + direction + role,Can you describe a neuron without looking back at the previous scenes?,A neuron is a specialised nerve cell that receives and transmits impulses.,"Recall the main structural features of a neuron and distinguish sensory, motor and interneurons by their role and direction of impulse transmission. This scene consolidates SU03 without introducing the reflex arc.",Neuron = structural unit|Dendrites toward cell body|Axon away from cell body|Sensory → CNS|Motor → effector|Interneuron within CNS,images/su03_08_neuron_recall.png,"16:9 retrieval-practice visual showing a central simple neuron with unlabeled pointers to dendrites and axon, plus three small pathway clues representing sensory, motor and interneuron roles. Use question marks instead of answers so students must recall the terms. Clean, minimal Grade 11 classroom design.",recall,Ask students to name the main parts and state the role of each neuron type without returning to earlier scenes.,State one structural feature and one function of a neuron.,A neuron has specialised processes such as dendrites and an axon; it receives and transmits impulses.,TU03_07,,TU03,,Final consolidation scene
